اسم المستشفى,العنوان التفصيلي,خط العرض,خط الطول,التخصص,رقم التليفون,الموقع الإلكتروني
مستشفى قصر العيني القديم,شارع السرايا، المنيل، القاهرة,30.028348,31.22558,عام وتعليمي,15300,medicine.cu.edu.eg
مستشفى قصر العيني التعليمي الجديد (الفرنساوي),شارع قصر العيني، مصر القديمة، القاهرة,30.043487,31.235291,عام وتخصصي,02-23640245,medicine.cu.edu.eg
مستشفى أبو الريش الياباني الجامعي للأطفال,شارع السيدة زينب، أمام محطة المترو، القاهرة,30.043487,31.235291,أطفال,02-23642144,medicine.cu.edu.eg
المعهد القومي للأورام,1 شارع قصر العيني، فم الخليج، القاهرة,30.024267,31.231029,أورام,19666,nci.cu.edu.eg
مستشفى عين شمس التخصصي,شارع الخليفة المأمون، العباسية، القاهرة,30.07792,31.289747,عام وتخصصي,02-24346014,med.asu.edu.eg
مستشفى الدمرداش الجامعي,امتداد شارع رمسيس، حي الوايلي / العباسية، القاهرة,30.073996,31.283751,عام وتعليمي,02-24346001,med.asu.edu.eg
مستشفى الأطفال التخصصي بجامعة عين شمس,المجمع الطبي بالدمرداش، العباسية، القاهرة,30.043487,31.235291,أطفال,02-24346002,med.asu.edu.eg
مستشفى الحسين الجامعي,خلف جامع الأزهر الشريف، الدرب الأحمر، القاهرة,30.045425,31.266081,عام وتعليمي,02-25126871,azhar.edu.eg
مستشفى سيد جلال الجامعي (باب الشعرية),شارع بورسعيد، ميدان باب الشعرية، القاهرة,30.055404,31.261277,عام وتعليمي,02-25914605,azhar.edu.eg
مستشفى الزهراء الجامعي,شارع سرايات العباسية، الوايلي، القاهرة,30.064786,31.282247,عام وتعليمي,02-24827014,azhar.edu.eg
معهد ناصر للبحوث والعلاج,1351 كورنيش النيل، شبرا، القاهرة,30.094488,31.236978,عام وتخصصي,02-22039230,غير متوفر
مركز أورام دار السلام (هرمل),طريق مصر حلوان الزراعي، دار السلام، القاهرة,29.981246,31.241719,أورام,02-23631627,غير متوفر
مستشفى الزيتون التخصصي,شارع عمر المختار، الأميرية، القاهرة,30.109105,31.293848,عام,02-22846152,غير متوفر
مستشفى دار الشفاء,375 شارع رمسيس، العباسية، القاهرة,30.071231,31.27835,عام وتخصصي,02-26857144,غير متوفر
مستشفى الهلال برمسيس,34 شارع رمسيس، وسط البلد، القاهرة,30.058916,31.243704,عظام وجراحة,02-25754407,غير متوفر
المعهد القومي للقلب,شارع محمد رشدي، الكيت كات، القاهرة الكبرى,30.143602,31.362865,قلب وأوعية دموية,02-33120173,nhi-egypt.com
مستشفى الساحل التعليمي,شارع شبرا، حي الساحل، القاهرة,30.101402,31.245388,عام وتعليمي,02-22020281,غير متوفر
مستشفى المطرية التعليمي,شارع طه قنديل، المطرية، القاهرة,30.10488,31.302119,عام وتعليمي,02-22522770,غير متوفر
معهد بحوث أمراض العيون والقرنية (روض الفرج),حي روض الفرج، شبرا، القاهرة,30.074598,31.23067,عيون,02-24584288,غير متوفر
مستشفى العباسية للصحة النفسية وعلاج الإدمان,طريق صلاح سالم، بجوار أرض المعارض، العباسية، القاهرة,30.043487,31.235291,نفسية وإدمان,02-22606626,غير متوفر
مستشفى صدر العباسية,شارع السكة البيضاء، العباسية، القاهرة,30.054472,31.277543,أمراض صدرية,02-23423714,غير متوفر
مستشفى حميات العباسية,شارع السكة البيضاء، العباسية، القاهرة,30.054472,31.277543,حميات وأمراض معدية,02-23424163,غير متوفر
مستشفى القاهرة الفاطمية,شارع الشيخ صالح الجعفري، الدراسة، القاهرة,30.047357,31.270038,عام,02-25884941,غير متوفر
مستشفى المنيرة العام,شارع نوبار، السيدة زينب، القاهرة,30.035045,31.238728,عام,02-27943003,غير متوفر
مستشفى شبرا العام (كتشنر),شارع شبرا الرئيسي، شبرا، القاهرة,30.07347,31.253127,عام,02-22340578,غير متوفر
مستشفى حلوان العام,شارع منصور، حلوان، القاهرة,29.84771,31.342227,عام,02-25562725,غير متوفر
مستشفى 15 مايو التخصصي,المجاورة الثالثة، مدينة 15 مايو، القاهرة,29.850815,31.366965,عام,02-25501007,غير متوفر
مستشفى القاهرة الجديدة العام,التجمع الأول، بجوار خدمات الحي، القاهرة الجديدة,29.953502,31.658008,عام,02-27588320,غير متوفر
مستشفى الشيخ زايد آل نهيان,منطقة الدويقة، منشأة ناصر، القاهرة,30.049836,31.287906,عام,02-23420808,غير متوفر
مستشفى البنك الأهلي المصري للرعاية المتكاملة,الطريق الدائري، حي المقطم، القاهرة,30.013675,31.286403,عام وتخصصي,02-25032500,nbe-hospital.com
مستشفى المقطم للتأمين الصحي,هضبة المقطم، القاهرة,30.011114,31.291213,عام (تأمين صحي),02-25081223,غير متوفر
المستشفى القبطي,175 شارع رمسيس، وسط البلد، القاهرة,30.063225,31.252642,عام,02-25913222,غير متوفر
مستشفى هليوبوليس,3 شارع حامد باشا البرنشاوي، ميدان الحجاز، مصر الجديدة، القاهرة,30.106416,31.336485,عام,02-26233481,غير متوفر
مستشفى مبرة المعادي,6 شارع سكنات المعادي، المعادي، القاهرة,29.953636,31.260821,عام,02-23803157,غير متوفر
مؤسسة مجدي يعقوب للقلب (مركز القاهرة),محور مدينة زويل، القاهرة الكبرى,30.079317,31.254143,قلب وأوعية دموية,19731,myf-egypt.org
المجمع الطبي للقوات المسلحة بالمعادي,طريق كورنيش النيل، المعادي، القاهرة,30.043487,31.235291,عام وعسكري,02-25256348,غير متوفر
مستشفى الجوي التخصصي بالتجمع الخامس,شارع التسعين الشمالي، التجمع الخامس، القاهرة الجديدة,30.021437,31.431597,عام وعسكري,19448,airforcehospital.com
المركز الطبي العالمي (IMC),الكيلو 42 طريق مصر الإسماعيلية الصحراوي، القاهرة,30.043487,31.235291,عام وتخصصي,16221,imc.org.eg
مستشفى كليوباترا بمصر الجديدة,39 شارع كليوباترا، ميدان صلاح الدين، مصر الجديدة، القاهرة,30.094501,31.327599,عام وتخصصي,19005,cleopatrahospitals.com
المستشفى السعودي الألماني بالقاهرة,شارع جوزيف تيتو، النزهة الجديدة، القاهرة,30.129038,31.382229,عام وتخصصي,16259,sghcairo.com
مستشفى دار الفؤاد بمدينة نصر,تقاطع طريق النصر مع شارع يوسف عباس، مدينة نصر، القاهرة,30.040618,31.368318,عام وتخصصي (قلب),16370,daralfouad.org
مستشفى وادي النيل,شارع وادي النيل، حدائق القبة، القاهرة,30.099609,31.294967,عام وتخصصي,16223,غير متوفر
المركز الطبي للمقاولون العرب,منطقة الجبل الأخضر، طريق النصر، مدينة نصر، القاهرة,30.055522,31.295128,عام وتخصصي,16315,arabcontmed.com
المستشفى الأنجلو أمريكان,شارع البرج، بجوار برج القاهرة، الزمالك، القاهرة,30.057467,31.233414,عام,02-27356158,angloamericanhospital.com
المستشفى الإيطالي بالقاهرة (أومبرتو الأول),17 شارع سرايات العباسية، الوايلي، القاهرة,30.112026,31.288043,عام,02-26821430,غير متوفر
المستشفى اليوناني بالقاهرة,شارع سرايات العباسية، القاهرة,30.103002,31.266017,عام,02-24823299,غير متوفر
مستشفى شفاء التخصصي بالتجمع,شارع التسعين الشمالي، التجمع الخامس، القاهرة الجديدة,30.021437,31.431597,عام,15077,shifahospital.com
مستشفى الجنزوري التخصصي,شارع محمود عزمي، كوبري القبة، مصر الجديدة، القاهرة,30.094501,31.327599,عام وتخصصي,02-24541334,elganzoury.com
مستشفى البيان التخصصي,شارع أحمد الزمر، الحي العاشر، مدينة نصر، القاهرة,30.047719,31.367647,عام,02-24707172,غير متوفر
مستشفى المواساة الخيري التخصصي,امتداد شارع عباس العقاد، الحي السابع، مدينة نصر، القاهرة,30.061876,31.337432,عام وخيري,02-22634455,غير متوفر
مستشفى البنفسج التخصصي,منطقة خدمات البنفسج، التجمع الأول، القاهرة الجديدة,30.064068,31.465464,عام,02-29200424,غير متوفر
